img_dir,label
dataset/0.jpg,1
dataset/1.jpg,1
dataset/2.jpg,1
dataset/3.jpg,9
dataset/4.jpg,1
dataset/5.jpg,1
dataset/6.jpg,3
dataset/7.jpg,4
dataset/8.jpg,1
dataset/9.jpg,1
dataset/10.jpg,3
dataset/11.jpg,6
dataset/12.jpg,1
dataset/13.jpg,3
dataset/14.jpg,1
dataset/15.jpg,7
dataset/16.jpg,1
dataset/17.jpg,3
dataset/18.jpg,1
dataset/19.jpg,9
dataset/20.jpg,1
dataset/21.jpg,3
dataset/22.jpg,4
dataset/23.jpg,3
dataset/24.jpg,1
dataset/25.jpg,3
dataset/26.jpg,4
dataset/27.jpg,5
dataset/28.jpg,1
dataset/29.jpg,3
dataset/30.jpg,7
dataset/31.jpg,4
dataset/32.jpg,1
dataset/33.jpg,3
dataset/34.jpg,7
dataset/35.jpg,7
dataset/36.jpg,1
dataset/37.jpg,4
dataset/38.jpg,3
dataset/39.jpg,2
dataset/40.jpg,1
dataset/41.jpg,4
dataset/42.jpg,3
dataset/43.jpg,6
dataset/44.jpg,1
dataset/45.jpg,4
dataset/46.jpg,5
dataset/47.jpg,8
dataset/48.jpg,1
dataset/49.jpg,4
dataset/50.jpg,6
dataset/51.jpg,8
dataset/52.jpg,1
dataset/53.jpg,5
dataset/54.jpg,3
dataset/55.jpg,4
dataset/56.jpg,1
dataset/57.jpg,5
dataset/58.jpg,4
dataset/59.jpg,7
dataset/60.jpg,1
dataset/61.jpg,5
dataset/62.jpg,5
dataset/63.jpg,9
dataset/64.jpg,1
dataset/65.jpg,5
dataset/66.jpg,7
dataset/67.jpg,9
dataset/68.jpg,1
dataset/69.jpg,6
dataset/70.jpg,3
dataset/71.jpg,4
dataset/72.jpg,1
dataset/73.jpg,7
dataset/74.jpg,2
dataset/75.jpg,9
dataset/76.jpg,1
dataset/77.jpg,7
dataset/78.jpg,4
dataset/79.jpg,4
dataset/80.jpg,1
dataset/81.jpg,7
dataset/82.jpg,5
dataset/83.jpg,4
dataset/84.jpg,1
dataset/85.jpg,7
dataset/86.jpg,8
dataset/87.jpg,7
dataset/88.jpg,1
dataset/89.jpg,8
dataset/90.jpg,1
dataset/91.jpg,2
dataset/92.jpg,1
dataset/93.jpg,8
dataset/94.jpg,2
dataset/95.jpg,5
dataset/96.jpg,1
dataset/97.jpg,8
dataset/98.jpg,7
dataset/99.jpg,2
dataset/100.jpg,1
dataset/101.jpg,8
dataset/102.jpg,9
dataset/103.jpg,6
dataset/104.jpg,1
dataset/105.jpg,8
dataset/106.jpg,9
dataset/107.jpg,7
dataset/108.jpg,1
dataset/109.jpg,9
dataset/110.jpg,4
dataset/111.jpg,9
dataset/112.jpg,1
dataset/113.jpg,9
dataset/114.jpg,6
dataset/115.jpg,3
dataset/116.jpg,2
dataset/117.jpg,1
dataset/118.jpg,1
dataset/119.jpg,3
dataset/120.jpg,2
dataset/121.jpg,1
dataset/122.jpg,6
dataset/123.jpg,1
dataset/124.jpg,2
dataset/125.jpg,1
dataset/126.jpg,6
dataset/127.jpg,7
dataset/128.jpg,2
dataset/129.jpg,1
dataset/130.jpg,9
dataset/131.jpg,3
dataset/132.jpg,2
dataset/133.jpg,2
dataset/134.jpg,3
dataset/135.jpg,9
dataset/136.jpg,2
dataset/137.jpg,2
dataset/138.jpg,4
dataset/139.jpg,5
dataset/140.jpg,2
dataset/141.jpg,2
dataset/142.jpg,4
dataset/143.jpg,8
dataset/144.jpg,2
dataset/145.jpg,2
dataset/146.jpg,9
dataset/147.jpg,3
dataset/148.jpg,2
dataset/149.jpg,3
dataset/150.jpg,2
dataset/151.jpg,5
dataset/152.jpg,2
dataset/153.jpg,3
dataset/154.jpg,4
dataset/155.jpg,5
dataset/156.jpg,2
dataset/157.jpg,3
dataset/158.jpg,5
dataset/159.jpg,5
dataset/160.jpg,2
dataset/161.jpg,4
dataset/162.jpg,1
dataset/163.jpg,2
dataset/164.jpg,2
dataset/165.jpg,4
dataset/166.jpg,2
dataset/167.jpg,7
dataset/168.jpg,2
dataset/169.jpg,4
dataset/170.jpg,4
dataset/171.jpg,2
dataset/172.jpg,2
dataset/173.jpg,4
dataset/174.jpg,5
dataset/175.jpg,2
dataset/176.jpg,2
dataset/177.jpg,4
dataset/178.jpg,6
dataset/179.jpg,5
dataset/180.jpg,2
dataset/181.jpg,5
dataset/182.jpg,2
dataset/183.jpg,8
dataset/184.jpg,2
dataset/185.jpg,5
dataset/186.jpg,6
dataset/187.jpg,8
dataset/188.jpg,2
dataset/189.jpg,6
dataset/190.jpg,1
dataset/191.jpg,7
dataset/192.jpg,2
dataset/193.jpg,6
dataset/194.jpg,2
dataset/195.jpg,3
dataset/196.jpg,2
dataset/197.jpg,6
dataset/198.jpg,2
dataset/199.jpg,5
dataset/200.jpg,2
dataset/201.jpg,6
dataset/202.jpg,4
dataset/203.jpg,6
dataset/204.jpg,2
dataset/205.jpg,6
dataset/206.jpg,5
dataset/207.jpg,4
dataset/208.jpg,2
dataset/209.jpg,7
dataset/210.jpg,4
dataset/211.jpg,5
dataset/212.jpg,2
dataset/213.jpg,7
dataset/214.jpg,5
dataset/215.jpg,7
dataset/216.jpg,2
dataset/217.jpg,7
dataset/218.jpg,8
dataset/219.jpg,6
dataset/220.jpg,2
dataset/221.jpg,7
dataset/222.jpg,9
dataset/223.jpg,2
dataset/224.jpg,2
dataset/225.jpg,8
dataset/226.jpg,1
dataset/227.jpg,8
dataset/228.jpg,2
dataset/229.jpg,8
dataset/230.jpg,5
dataset/231.jpg,8
dataset/232.jpg,2
dataset/233.jpg,8
dataset/234.jpg,6
dataset/235.jpg,4
dataset/236.jpg,2
dataset/237.jpg,9
dataset/238.jpg,1
dataset/239.jpg,3
dataset/240.jpg,2
dataset/241.jpg,9
dataset/242.jpg,2
dataset/243.jpg,2
dataset/244.jpg,2
dataset/245.jpg,9
dataset/246.jpg,8
dataset/247.jpg,4
dataset/248.jpg,3
dataset/249.jpg,1
dataset/250.jpg,9
dataset/251.jpg,3
dataset/252.jpg,3
dataset/253.jpg,2
dataset/254.jpg,3
dataset/255.jpg,1
dataset/256.jpg,3
dataset/257.jpg,2
dataset/258.jpg,8
dataset/259.jpg,2
dataset/260.jpg,3
dataset/261.jpg,2
dataset/262.jpg,8
dataset/263.jpg,4
dataset/264.jpg,3
dataset/265.jpg,2
dataset/266.jpg,9
dataset/267.jpg,5
dataset/268.jpg,3
dataset/269.jpg,3
dataset/270.jpg,6
dataset/271.jpg,8
dataset/272.jpg,3
dataset/273.jpg,3
dataset/274.jpg,8
dataset/275.jpg,7
dataset/276.jpg,3
dataset/277.jpg,3
dataset/278.jpg,9
dataset/279.jpg,8
dataset/280.jpg,3
dataset/281.jpg,4
dataset/282.jpg,3
dataset/283.jpg,3
dataset/284.jpg,3
dataset/285.jpg,4
dataset/286.jpg,6
dataset/287.jpg,5
dataset/288.jpg,3
dataset/289.jpg,4
dataset/290.jpg,7
dataset/291.jpg,6
dataset/292.jpg,3
dataset/293.jpg,4
dataset/294.jpg,8
dataset/295.jpg,9
dataset/296.jpg,3
dataset/297.jpg,4
dataset/298.jpg,9
dataset/299.jpg,8
dataset/300.jpg,3
dataset/301.jpg,5
dataset/302.jpg,3
dataset/303.jpg,2
dataset/304.jpg,3
dataset/305.jpg,5
dataset/306.jpg,3
dataset/307.jpg,4
dataset/308.jpg,3
dataset/309.jpg,5
dataset/310.jpg,3
dataset/311.jpg,8
dataset/312.jpg,3
dataset/313.jpg,5
dataset/314.jpg,7
dataset/315.jpg,4
dataset/316.jpg,3
dataset/317.jpg,5
dataset/318.jpg,7
dataset/319.jpg,8
dataset/320.jpg,3
dataset/321.jpg,5
dataset/322.jpg,8
dataset/323.jpg,2
dataset/324.jpg,3
dataset/325.jpg,6
dataset/326.jpg,1
dataset/327.jpg,6
dataset/328.jpg,3
dataset/329.jpg,6
dataset/330.jpg,3
dataset/331.jpg,7
dataset/332.jpg,3
dataset/333.jpg,6
dataset/334.jpg,4
dataset/335.jpg,7
dataset/336.jpg,3
dataset/337.jpg,6
dataset/338.jpg,5
dataset/339.jpg,1
dataset/340.jpg,3
dataset/341.jpg,6
dataset/342.jpg,9
dataset/343.jpg,2
dataset/344.jpg,3
dataset/345.jpg,7
dataset/346.jpg,6
dataset/347.jpg,2
dataset/348.jpg,3
dataset/349.jpg,7
dataset/350.jpg,6
dataset/351.jpg,9
dataset/352.jpg,3
dataset/353.jpg,7
dataset/354.jpg,8
dataset/355.jpg,5
dataset/356.jpg,3
dataset/357.jpg,8
dataset/358.jpg,1
dataset/359.jpg,6
dataset/360.jpg,3
dataset/361.jpg,8
dataset/362.jpg,2
dataset/363.jpg,6
dataset/364.jpg,3
dataset/365.jpg,8
dataset/366.jpg,2
dataset/367.jpg,7
dataset/368.jpg,3
dataset/369.jpg,8
dataset/370.jpg,6
dataset/371.jpg,5
dataset/372.jpg,3
dataset/373.jpg,8
dataset/374.jpg,7
dataset/375.jpg,1
dataset/376.jpg,3
dataset/377.jpg,9
dataset/378.jpg,2
dataset/379.jpg,4
dataset/380.jpg,3
dataset/381.jpg,9
dataset/382.jpg,2
dataset/383.jpg,8
dataset/384.jpg,3
dataset/385.jpg,9
dataset/386.jpg,6
dataset/387.jpg,5
dataset/388.jpg,3
dataset/389.jpg,9
dataset/390.jpg,7
dataset/391.jpg,5
dataset/392.jpg,4
dataset/393.jpg,1
dataset/394.jpg,4
dataset/395.jpg,7
dataset/396.jpg,4
dataset/397.jpg,1
dataset/398.jpg,5
dataset/399.jpg,9
dataset/400.jpg,4
dataset/401.jpg,1
dataset/402.jpg,7
dataset/403.jpg,6
dataset/404.jpg,4
dataset/405.jpg,1
dataset/406.jpg,9
dataset/407.jpg,2
dataset/408.jpg,4
dataset/409.jpg,2
dataset/410.jpg,5
dataset/411.jpg,5
dataset/412.jpg,4
dataset/413.jpg,3
dataset/414.jpg,3
dataset/415.jpg,6
dataset/416.jpg,4
dataset/417.jpg,4
dataset/418.jpg,2
dataset/419.jpg,5
dataset/420.jpg,4
dataset/421.jpg,5
dataset/422.jpg,2
dataset/423.jpg,3
dataset/424.jpg,4
dataset/425.jpg,5
dataset/426.jpg,3
dataset/427.jpg,1
dataset/428.jpg,4
dataset/429.jpg,5
dataset/430.jpg,7
dataset/431.jpg,2
dataset/432.jpg,4
dataset/433.jpg,6
dataset/434.jpg,3
dataset/435.jpg,5
dataset/436.jpg,4
dataset/437.jpg,6
dataset/438.jpg,3
dataset/439.jpg,8
dataset/440.jpg,4
dataset/441.jpg,6
dataset/442.jpg,5
dataset/443.jpg,9
dataset/444.jpg,4
dataset/445.jpg,6
dataset/446.jpg,8
dataset/447.jpg,9
dataset/448.jpg,4
dataset/449.jpg,6
dataset/450.jpg,9
dataset/451.jpg,7
dataset/452.jpg,4
dataset/453.jpg,7
dataset/454.jpg,3
dataset/455.jpg,9
dataset/456.jpg,4
dataset/457.jpg,7
dataset/458.jpg,6
dataset/459.jpg,3
dataset/460.jpg,4
dataset/461.jpg,8
dataset/462.jpg,1
dataset/463.jpg,1
dataset/464.jpg,4
dataset/465.jpg,8
dataset/466.jpg,6
dataset/467.jpg,2
dataset/468.jpg,4
dataset/469.jpg,8
dataset/470.jpg,7
dataset/471.jpg,1
dataset/472.jpg,4
dataset/473.jpg,9
dataset/474.jpg,5
dataset/475.jpg,4
dataset/476.jpg,4
dataset/477.jpg,9
dataset/478.jpg,8
dataset/479.jpg,5
dataset/480.jpg,5
dataset/481.jpg,1
dataset/482.jpg,2
dataset/483.jpg,5
dataset/484.jpg,5
dataset/485.jpg,1
dataset/486.jpg,8
dataset/487.jpg,6
dataset/488.jpg,5
dataset/489.jpg,1
dataset/490.jpg,8
dataset/491.jpg,8
dataset/492.jpg,5
dataset/493.jpg,2
dataset/494.jpg,2
dataset/495.jpg,1
dataset/496.jpg,5
dataset/497.jpg,2
dataset/498.jpg,3
dataset/499.jpg,5
dataset/500.jpg,5
dataset/501.jpg,2
dataset/502.jpg,5
dataset/503.jpg,7
dataset/504.jpg,5
dataset/505.jpg,3
dataset/506.jpg,1
dataset/507.jpg,4
dataset/508.jpg,5
dataset/509.jpg,3
dataset/510.jpg,7
dataset/511.jpg,8
dataset/512.jpg,5
dataset/513.jpg,3
dataset/514.jpg,8
dataset/515.jpg,6
dataset/516.jpg,5
dataset/517.jpg,3
dataset/518.jpg,9
dataset/519.jpg,9
dataset/520.jpg,5
dataset/521.jpg,4
dataset/522.jpg,3
dataset/523.jpg,7
dataset/524.jpg,5
dataset/525.jpg,4
dataset/526.jpg,9
dataset/527.jpg,7
dataset/528.jpg,5
dataset/529.jpg,5
dataset/530.jpg,1
dataset/531.jpg,6
dataset/532.jpg,5
dataset/533.jpg,5
dataset/534.jpg,3
dataset/535.jpg,8
dataset/536.jpg,5
dataset/537.jpg,5
dataset/538.jpg,3
dataset/539.jpg,9
dataset/540.jpg,5
dataset/541.jpg,5
dataset/542.jpg,7
dataset/543.jpg,7
dataset/544.jpg,5
dataset/545.jpg,5
dataset/546.jpg,8
dataset/547.jpg,1
dataset/548.jpg,5
dataset/549.jpg,6
dataset/550.jpg,3
dataset/551.jpg,2
dataset/552.jpg,5
dataset/553.jpg,6
dataset/554.jpg,3
dataset/555.jpg,4
dataset/556.jpg,5
dataset/557.jpg,6
dataset/558.jpg,4
dataset/559.jpg,9
dataset/560.jpg,5
dataset/561.jpg,6
dataset/562.jpg,5
dataset/563.jpg,2
dataset/564.jpg,5
dataset/565.jpg,7
dataset/566.jpg,6
dataset/567.jpg,3
dataset/568.jpg,5
dataset/569.jpg,8
dataset/570.jpg,3
dataset/571.jpg,1
dataset/572.jpg,5
dataset/573.jpg,8
dataset/574.jpg,4
dataset/575.jpg,7
dataset/576.jpg,5
dataset/577.jpg,8
dataset/578.jpg,5
dataset/579.jpg,3
dataset/580.jpg,5
dataset/581.jpg,8
dataset/582.jpg,7
dataset/583.jpg,1
dataset/584.jpg,5
dataset/585.jpg,8
dataset/586.jpg,9
dataset/587.jpg,5
dataset/588.jpg,5
dataset/589.jpg,8
dataset/590.jpg,9
dataset/591.jpg,6
dataset/592.jpg,5
dataset/593.jpg,9
dataset/594.jpg,1
dataset/595.jpg,1
dataset/596.jpg,5
dataset/597.jpg,9
dataset/598.jpg,2
dataset/599.jpg,6
dataset/600.jpg,5
dataset/601.jpg,9
dataset/602.jpg,3
dataset/603.jpg,1
dataset/604.jpg,5
dataset/605.jpg,9
dataset/606.jpg,4
dataset/607.jpg,2
dataset/608.jpg,5
dataset/609.jpg,9
dataset/610.jpg,5
dataset/611.jpg,1
dataset/612.jpg,5
dataset/613.jpg,9
dataset/614.jpg,5
dataset/615.jpg,3
dataset/616.jpg,5
dataset/617.jpg,9
dataset/618.jpg,7
dataset/619.jpg,3
dataset/620.jpg,6
dataset/621.jpg,1
dataset/622.jpg,3
dataset/623.jpg,8
dataset/624.jpg,6
dataset/625.jpg,2
dataset/626.jpg,2
dataset/627.jpg,8
dataset/628.jpg,6
dataset/629.jpg,2
dataset/630.jpg,7
dataset/631.jpg,1
dataset/632.jpg,6
dataset/633.jpg,3
dataset/634.jpg,4
dataset/635.jpg,2
dataset/636.jpg,6
dataset/637.jpg,3
dataset/638.jpg,6
dataset/639.jpg,4
dataset/640.jpg,6
dataset/641.jpg,3
dataset/642.jpg,7
dataset/643.jpg,9
dataset/644.jpg,6
dataset/645.jpg,4
dataset/646.jpg,1
dataset/647.jpg,9
dataset/648.jpg,6
dataset/649.jpg,4
dataset/650.jpg,2
dataset/651.jpg,5
dataset/652.jpg,6
dataset/653.jpg,4
dataset/654.jpg,7
dataset/655.jpg,2
dataset/656.jpg,6
dataset/657.jpg,5
dataset/658.jpg,1
dataset/659.jpg,4
dataset/660.jpg,6
dataset/661.jpg,5
dataset/662.jpg,2
dataset/663.jpg,4
dataset/664.jpg,6
dataset/665.jpg,5
dataset/666.jpg,5
dataset/667.jpg,3
dataset/668.jpg,6
dataset/669.jpg,5
dataset/670.jpg,7
dataset/671.jpg,9
dataset/672.jpg,6
dataset/673.jpg,6
dataset/674.jpg,1
dataset/675.jpg,7
dataset/676.jpg,6
dataset/677.jpg,6
dataset/678.jpg,2
dataset/679.jpg,7
dataset/680.jpg,6
dataset/681.jpg,7
dataset/682.jpg,1
dataset/683.jpg,2
dataset/684.jpg,6
dataset/685.jpg,7
dataset/686.jpg,1
dataset/687.jpg,3
dataset/688.jpg,6
dataset/689.jpg,7
dataset/690.jpg,3
dataset/691.jpg,5
dataset/692.jpg,6
dataset/693.jpg,7
dataset/694.jpg,3
dataset/695.jpg,6
dataset/696.jpg,6
dataset/697.jpg,7
dataset/698.jpg,6
dataset/699.jpg,4
dataset/700.jpg,6
dataset/701.jpg,7
dataset/702.jpg,9
dataset/703.jpg,8
dataset/704.jpg,6
dataset/705.jpg,8
dataset/706.jpg,1
dataset/707.jpg,8
dataset/708.jpg,6
dataset/709.jpg,8
dataset/710.jpg,1
dataset/711.jpg,9
dataset/712.jpg,6
dataset/713.jpg,8
dataset/714.jpg,4
dataset/715.jpg,9
dataset/716.jpg,6
dataset/717.jpg,8
dataset/718.jpg,6
dataset/719.jpg,5
dataset/720.jpg,6
dataset/721.jpg,9
dataset/722.jpg,2
dataset/723.jpg,7
dataset/724.jpg,6
dataset/725.jpg,9
dataset/726.jpg,2
dataset/727.jpg,9
dataset/728.jpg,6
dataset/729.jpg,9
dataset/730.jpg,6
dataset/731.jpg,6
dataset/732.jpg,7
dataset/733.jpg,1
dataset/734.jpg,1
dataset/735.jpg,4
dataset/736.jpg,7
dataset/737.jpg,1
dataset/738.jpg,1
dataset/739.jpg,5
dataset/740.jpg,7
dataset/741.jpg,1
dataset/742.jpg,2
dataset/743.jpg,9
dataset/744.jpg,7
dataset/745.jpg,1
dataset/746.jpg,4
dataset/747.jpg,4
dataset/748.jpg,7
dataset/749.jpg,1
dataset/750.jpg,4
dataset/751.jpg,5
dataset/752.jpg,7
dataset/753.jpg,1
dataset/754.jpg,5
dataset/755.jpg,5
dataset/756.jpg,7
dataset/757.jpg,1
dataset/758.jpg,6
dataset/759.jpg,2
dataset/760.jpg,7
dataset/761.jpg,2
dataset/762.jpg,3
dataset/763.jpg,2
dataset/764.jpg,7
dataset/765.jpg,2
dataset/766.jpg,3
dataset/767.jpg,3
dataset/768.jpg,7
dataset/769.jpg,2
dataset/770.jpg,3
dataset/771.jpg,5
dataset/772.jpg,7
dataset/773.jpg,2
dataset/774.jpg,9
dataset/775.jpg,6
dataset/776.jpg,7
dataset/777.jpg,3
dataset/778.jpg,1
dataset/779.jpg,5
dataset/780.jpg,7
dataset/781.jpg,3
dataset/782.jpg,2
dataset/783.jpg,3
dataset/784.jpg,7
dataset/785.jpg,3
dataset/786.jpg,3
dataset/787.jpg,8
dataset/788.jpg,7
dataset/789.jpg,3
dataset/790.jpg,4
dataset/791.jpg,7
dataset/792.jpg,7
dataset/793.jpg,3
dataset/794.jpg,8
dataset/795.jpg,7
dataset/796.jpg,7
dataset/797.jpg,3
dataset/798.jpg,8
dataset/799.jpg,8
dataset/800.jpg,7
dataset/801.jpg,4
dataset/802.jpg,1
dataset/803.jpg,2
dataset/804.jpg,7
dataset/805.jpg,4
dataset/806.jpg,5
dataset/807.jpg,1
dataset/808.jpg,7
dataset/809.jpg,5
dataset/810.jpg,3
dataset/811.jpg,4
dataset/812.jpg,7
dataset/813.jpg,5
dataset/814.jpg,8
dataset/815.jpg,8
dataset/816.jpg,7
dataset/817.jpg,6
dataset/818.jpg,3
dataset/819.jpg,3
dataset/820.jpg,7
dataset/821.jpg,6
dataset/822.jpg,3
dataset/823.jpg,8
dataset/824.jpg,7
dataset/825.jpg,6
dataset/826.jpg,6
dataset/827.jpg,3
dataset/828.jpg,7
dataset/829.jpg,6
dataset/830.jpg,7
dataset/831.jpg,1
dataset/832.jpg,7
dataset/833.jpg,7
dataset/834.jpg,1
dataset/835.jpg,8
dataset/836.jpg,7
dataset/837.jpg,7
dataset/838.jpg,6
dataset/839.jpg,2
dataset/840.jpg,7
dataset/841.jpg,7
dataset/842.jpg,7
dataset/843.jpg,3
dataset/844.jpg,7
dataset/845.jpg,7
dataset/846.jpg,9
dataset/847.jpg,9
dataset/848.jpg,7
dataset/849.jpg,8
dataset/850.jpg,1
dataset/851.jpg,5
dataset/852.jpg,7
dataset/853.jpg,8
dataset/854.jpg,2
dataset/855.jpg,7
dataset/856.jpg,7
dataset/857.jpg,8
dataset/858.jpg,5
dataset/859.jpg,3
dataset/860.jpg,7
dataset/861.jpg,8
dataset/862.jpg,7
dataset/863.jpg,9
dataset/864.jpg,7
dataset/865.jpg,8
dataset/866.jpg,8
dataset/867.jpg,7
dataset/868.jpg,7
dataset/869.jpg,8
dataset/870.jpg,8
dataset/871.jpg,9
dataset/872.jpg,7
dataset/873.jpg,9
dataset/874.jpg,1
dataset/875.jpg,2
dataset/876.jpg,7
dataset/877.jpg,9
dataset/878.jpg,4
dataset/879.jpg,4
dataset/880.jpg,7
dataset/881.jpg,9
dataset/882.jpg,5
dataset/883.jpg,7
dataset/884.jpg,7
dataset/885.jpg,9
dataset/886.jpg,6
dataset/887.jpg,2
dataset/888.jpg,7
dataset/889.jpg,9
dataset/890.jpg,7
dataset/891.jpg,3
dataset/892.jpg,8
dataset/893.jpg,1
dataset/894.jpg,1
dataset/895.jpg,6
dataset/896.jpg,8
dataset/897.jpg,2
dataset/898.jpg,8
dataset/899.jpg,1
dataset/900.jpg,8
dataset/901.jpg,3
dataset/902.jpg,3
dataset/903.jpg,3
dataset/904.jpg,8
dataset/905.jpg,3
dataset/906.jpg,4
dataset/907.jpg,4
dataset/908.jpg,8
dataset/909.jpg,3
dataset/910.jpg,4
dataset/911.jpg,7
dataset/912.jpg,8
dataset/913.jpg,3
dataset/914.jpg,7
dataset/915.jpg,6
dataset/916.jpg,8
dataset/917.jpg,3
dataset/918.jpg,7
dataset/919.jpg,8
dataset/920.jpg,8
dataset/921.jpg,3
dataset/922.jpg,8
dataset/923.jpg,7
dataset/924.jpg,8
dataset/925.jpg,5
dataset/926.jpg,6
dataset/927.jpg,7
dataset/928.jpg,8
dataset/929.jpg,5
dataset/930.jpg,7
dataset/931.jpg,3
dataset/932.jpg,8
dataset/933.jpg,5
dataset/934.jpg,8
dataset/935.jpg,1
dataset/936.jpg,8
dataset/937.jpg,6
dataset/938.jpg,1
dataset/939.jpg,6
dataset/940.jpg,8
dataset/941.jpg,6
dataset/942.jpg,3
dataset/943.jpg,2
dataset/944.jpg,8
dataset/945.jpg,6
dataset/946.jpg,3
dataset/947.jpg,4
dataset/948.jpg,8
dataset/949.jpg,6
dataset/950.jpg,9
dataset/951.jpg,2
dataset/952.jpg,8
dataset/953.jpg,6
dataset/954.jpg,9
dataset/955.jpg,9
dataset/956.jpg,8
dataset/957.jpg,7
dataset/958.jpg,2
dataset/959.jpg,9
dataset/960.jpg,8
dataset/961.jpg,7
dataset/962.jpg,5
dataset/963.jpg,5
dataset/964.jpg,8
dataset/965.jpg,8
dataset/966.jpg,1
dataset/967.jpg,6
dataset/968.jpg,8
dataset/969.jpg,8
dataset/970.jpg,3
dataset/971.jpg,1
dataset/972.jpg,8
dataset/973.jpg,8
dataset/974.jpg,4
dataset/975.jpg,6
dataset/976.jpg,8
dataset/977.jpg,8
dataset/978.jpg,5
dataset/979.jpg,8
dataset/980.jpg,8
dataset/981.jpg,8
dataset/982.jpg,7
dataset/983.jpg,7
dataset/984.jpg,8
dataset/985.jpg,9
dataset/986.jpg,1
dataset/987.jpg,6
dataset/988.jpg,8
dataset/989.jpg,9
dataset/990.jpg,3
dataset/991.jpg,4
dataset/992.jpg,8
dataset/993.jpg,9
dataset/994.jpg,7
dataset/995.jpg,1
dataset/996.jpg,8
dataset/997.jpg,9
dataset/998.jpg,9
dataset/999.jpg,1
dataset/1000.jpg,9
dataset/1001.jpg,1
dataset/1002.jpg,1
dataset/1003.jpg,2
dataset/1004.jpg,9
dataset/1005.jpg,1
dataset/1006.jpg,1
dataset/1007.jpg,5
dataset/1008.jpg,9
dataset/1009.jpg,1
dataset/1010.jpg,1
dataset/1011.jpg,8
dataset/1012.jpg,9
dataset/1013.jpg,1
dataset/1014.jpg,2
dataset/1015.jpg,4
dataset/1016.jpg,9
dataset/1017.jpg,1
dataset/1018.jpg,2
dataset/1019.jpg,9
dataset/1020.jpg,9
dataset/1021.jpg,1
dataset/1022.jpg,3
dataset/1023.jpg,1
dataset/1024.jpg,9
dataset/1025.jpg,1
dataset/1026.jpg,8
dataset/1027.jpg,2
dataset/1028.jpg,9
dataset/1029.jpg,1
dataset/1030.jpg,8
dataset/1031.jpg,9
dataset/1032.jpg,9
dataset/1033.jpg,1
dataset/1034.jpg,9
dataset/1035.jpg,1
dataset/1036.jpg,9
dataset/1037.jpg,2
dataset/1038.jpg,1
dataset/1039.jpg,4
dataset/1040.jpg,9
dataset/1041.jpg,2
dataset/1042.jpg,1
dataset/1043.jpg,9
dataset/1044.jpg,9
dataset/1045.jpg,2
dataset/1046.jpg,3
dataset/1047.jpg,7
dataset/1048.jpg,9
dataset/1049.jpg,2
dataset/1050.jpg,6
dataset/1051.jpg,1
dataset/1052.jpg,9
dataset/1053.jpg,2
dataset/1054.jpg,8
dataset/1055.jpg,3
dataset/1056.jpg,9
dataset/1057.jpg,3
dataset/1058.jpg,3
dataset/1059.jpg,6
dataset/1060.jpg,9
dataset/1061.jpg,3
dataset/1062.jpg,3
dataset/1063.jpg,7
dataset/1064.jpg,9
dataset/1065.jpg,3
dataset/1066.jpg,8
dataset/1067.jpg,1
dataset/1068.jpg,9
dataset/1069.jpg,5
dataset/1070.jpg,1
dataset/1071.jpg,4
dataset/1072.jpg,9
dataset/1073.jpg,5
dataset/1074.jpg,6
dataset/1075.jpg,2
dataset/1076.jpg,9
dataset/1077.jpg,5
dataset/1078.jpg,8
dataset/1079.jpg,4
dataset/1080.jpg,9
dataset/1081.jpg,5
dataset/1082.jpg,9
dataset/1083.jpg,5
dataset/1084.jpg,9
dataset/1085.jpg,6
dataset/1086.jpg,1
dataset/1087.jpg,4
dataset/1088.jpg,9
dataset/1089.jpg,6
dataset/1090.jpg,1
dataset/1091.jpg,7
dataset/1092.jpg,9
dataset/1093.jpg,6
dataset/1094.jpg,8
dataset/1095.jpg,4
dataset/1096.jpg,9
dataset/1097.jpg,6
dataset/1098.jpg,8
dataset/1099.jpg,8
dataset/1100.jpg,9
dataset/1101.jpg,7
dataset/1102.jpg,4
dataset/1103.jpg,7
dataset/1104.jpg,9
dataset/1105.jpg,7
dataset/1106.jpg,5
dataset/1107.jpg,6
dataset/1108.jpg,9
dataset/1109.jpg,7
dataset/1110.jpg,7
dataset/1111.jpg,3
dataset/1112.jpg,9
dataset/1113.jpg,7
dataset/1114.jpg,7
dataset/1115.jpg,6
dataset/1116.jpg,9
dataset/1117.jpg,7
dataset/1118.jpg,8
dataset/1119.jpg,1
dataset/1120.jpg,9
dataset/1121.jpg,9
dataset/1122.jpg,2
dataset/1123.jpg,4
dataset/1124.jpg,1
dataset/1125.jpg,2
dataset/1126.jpg,2
dataset/1127.jpg,3
dataset/1128.jpg,1
dataset/1129.jpg,2
dataset/1130.jpg,6
dataset/1131.jpg,5
dataset/1132.jpg,1
dataset/1133.jpg,2
dataset/1134.jpg,7
dataset/1135.jpg,4
dataset/1136.jpg,1
dataset/1137.jpg,2
dataset/1138.jpg,7
dataset/1139.jpg,9
dataset/1140.jpg,1
dataset/1141.jpg,3
dataset/1142.jpg,9
dataset/1143.jpg,9
dataset/1144.jpg,1
dataset/1145.jpg,4
dataset/1146.jpg,8
dataset/1147.jpg,1
dataset/1148.jpg,1
dataset/1149.jpg,4
dataset/1150.jpg,8
dataset/1151.jpg,9
dataset/1152.jpg,1
dataset/1153.jpg,5
dataset/1154.jpg,1
dataset/1155.jpg,6
dataset/1156.jpg,1
dataset/1157.jpg,5
dataset/1158.jpg,2
dataset/1159.jpg,8
dataset/1160.jpg,1
dataset/1161.jpg,6
dataset/1162.jpg,5
dataset/1163.jpg,4
dataset/1164.jpg,1
dataset/1165.jpg,6
dataset/1166.jpg,7
dataset/1167.jpg,2
dataset/1168.jpg,1
dataset/1169.jpg,8
dataset/1170.jpg,1
dataset/1171.jpg,4
dataset/1172.jpg,1
dataset/1173.jpg,8
dataset/1174.jpg,4
dataset/1175.jpg,1
dataset/1176.jpg,1
dataset/1177.jpg,9
dataset/1178.jpg,2
dataset/1179.jpg,6
dataset/1180.jpg,2
dataset/1181.jpg,1
dataset/1182.jpg,1
dataset/1183.jpg,4
dataset/1184.jpg,2
dataset/1185.jpg,1
dataset/1186.jpg,1
dataset/1187.jpg,7
dataset/1188.jpg,2
dataset/1189.jpg,1
dataset/1190.jpg,5
dataset/1191.jpg,8
dataset/1192.jpg,2
dataset/1193.jpg,2
dataset/1194.jpg,4
dataset/1195.jpg,7
dataset/1196.jpg,2
dataset/1197.jpg,2
dataset/1198.jpg,6
dataset/1199.jpg,8
dataset/1200.jpg,2
dataset/1201.jpg,3
dataset/1202.jpg,3
dataset/1203.jpg,6
dataset/1204.jpg,2
dataset/1205.jpg,3
dataset/1206.jpg,5
dataset/1207.jpg,6
dataset/1208.jpg,2
dataset/1209.jpg,3
dataset/1210.jpg,6
dataset/1211.jpg,4
dataset/1212.jpg,2
dataset/1213.jpg,4
dataset/1214.jpg,8
dataset/1215.jpg,5
dataset/1216.jpg,2
dataset/1217.jpg,4
dataset/1218.jpg,9
dataset/1219.jpg,8
dataset/1220.jpg,2
dataset/1221.jpg,5
dataset/1222.jpg,4
dataset/1223.jpg,7
dataset/1224.jpg,2
dataset/1225.jpg,5
dataset/1226.jpg,5
dataset/1227.jpg,2
dataset/1228.jpg,2
dataset/1229.jpg,6
dataset/1230.jpg,5
dataset/1231.jpg,5
dataset/1232.jpg,2
dataset/1233.jpg,6
dataset/1234.jpg,6
dataset/1235.jpg,8
dataset/1236.jpg,2
dataset/1237.jpg,7
dataset/1238.jpg,3
dataset/1239.jpg,5
dataset/1240.jpg,2
dataset/1241.jpg,7
dataset/1242.jpg,3
dataset/1243.jpg,7
dataset/1244.jpg,2
dataset/1245.jpg,7
dataset/1246.jpg,4
dataset/1247.jpg,3
dataset/1248.jpg,2
dataset/1249.jpg,8
dataset/1250.jpg,3
dataset/1251.jpg,2
dataset/1252.jpg,2
dataset/1253.jpg,8
dataset/1254.jpg,9
dataset/1255.jpg,2
dataset/1256.jpg,2
dataset/1257.jpg,9
dataset/1258.jpg,9
dataset/1259.jpg,6
dataset/1260.jpg,3
dataset/1261.jpg,1
dataset/1262.jpg,1
dataset/1263.jpg,4
dataset/1264.jpg,3
dataset/1265.jpg,1
dataset/1266.jpg,2
dataset/1267.jpg,8
dataset/1268.jpg,3
dataset/1269.jpg,3
dataset/1270.jpg,2
dataset/1271.jpg,5
dataset/1272.jpg,3
dataset/1273.jpg,3
dataset/1274.jpg,6
dataset/1275.jpg,9
dataset/1276.jpg,3
dataset/1277.jpg,4
dataset/1278.jpg,2
dataset/1279.jpg,7
dataset/1280.jpg,3
dataset/1281.jpg,4
dataset/1282.jpg,4
dataset/1283.jpg,1
dataset/1284.jpg,3
dataset/1285.jpg,5
dataset/1286.jpg,6
dataset/1287.jpg,1
dataset/1288.jpg,3
dataset/1289.jpg,6
dataset/1290.jpg,2
dataset/1291.jpg,2
dataset/1292.jpg,3
dataset/1293.jpg,6
dataset/1294.jpg,3
dataset/1295.jpg,2
dataset/1296.jpg,3
dataset/1297.jpg,6
dataset/1298.jpg,5
dataset/1299.jpg,8
dataset/1300.jpg,3
dataset/1301.jpg,7
dataset/1302.jpg,1
dataset/1303.jpg,7
dataset/1304.jpg,3
dataset/1305.jpg,7
dataset/1306.jpg,2
dataset/1307.jpg,6
dataset/1308.jpg,3
dataset/1309.jpg,7
dataset/1310.jpg,3
dataset/1311.jpg,3
dataset/1312.jpg,3
dataset/1313.jpg,7
dataset/1314.jpg,6
dataset/1315.jpg,7
dataset/1316.jpg,3
dataset/1317.jpg,7
dataset/1318.jpg,9
dataset/1319.jpg,1
dataset/1320.jpg,3
dataset/1321.jpg,7
dataset/1322.jpg,9
dataset/1323.jpg,2
dataset/1324.jpg,3
dataset/1325.jpg,8
dataset/1326.jpg,4
dataset/1327.jpg,4
dataset/1328.jpg,3
dataset/1329.jpg,8
dataset/1330.jpg,4
dataset/1331.jpg,7
dataset/1332.jpg,3
dataset/1333.jpg,8
dataset/1334.jpg,6
dataset/1335.jpg,1
dataset/1336.jpg,3
dataset/1337.jpg,8
dataset/1338.jpg,7
dataset/1339.jpg,7
dataset/1340.jpg,3
dataset/1341.jpg,9
dataset/1342.jpg,1
dataset/1343.jpg,8
dataset/1344.jpg,3
dataset/1345.jpg,9
dataset/1346.jpg,8
dataset/1347.jpg,9
dataset/1348.jpg,3
dataset/1349.jpg,9
dataset/1350.jpg,9
dataset/1351.jpg,9
dataset/1352.jpg,4
dataset/1353.jpg,1
dataset/1354.jpg,2
dataset/1355.jpg,9
dataset/1356.jpg,4
dataset/1357.jpg,2
dataset/1358.jpg,3
dataset/1359.jpg,8
dataset/1360.jpg,4
dataset/1361.jpg,2
dataset/1362.jpg,6
dataset/1363.jpg,2
dataset/1364.jpg,4
dataset/1365.jpg,3
dataset/1366.jpg,2
dataset/1367.jpg,6
dataset/1368.jpg,4
dataset/1369.jpg,4
dataset/1370.jpg,7
dataset/1371.jpg,2
dataset/1372.jpg,4
dataset/1373.jpg,5
dataset/1374.jpg,3
dataset/1375.jpg,5
dataset/1376.jpg,4
dataset/1377.jpg,6
dataset/1378.jpg,8
dataset/1379.jpg,6
dataset/1380.jpg,4
dataset/1381.jpg,7
dataset/1382.jpg,4
dataset/1383.jpg,2
dataset/1384.jpg,4
dataset/1385.jpg,7
dataset/1386.jpg,4
dataset/1387.jpg,3
dataset/1388.jpg,4
dataset/1389.jpg,7
dataset/1390.jpg,5
dataset/1391.jpg,9
dataset/1392.jpg,4
dataset/1393.jpg,8
dataset/1394.jpg,7
dataset/1395.jpg,7
dataset/1396.jpg,4
dataset/1397.jpg,9
dataset/1398.jpg,2
dataset/1399.jpg,5
dataset/1400.jpg,4
dataset/1401.jpg,9
dataset/1402.jpg,6
dataset/1403.jpg,7
dataset/1404.jpg,5
dataset/1405.jpg,1
dataset/1406.jpg,1
dataset/1407.jpg,8
dataset/1408.jpg,5
dataset/1409.jpg,1
dataset/1410.jpg,4
dataset/1411.jpg,6
dataset/1412.jpg,5
dataset/1413.jpg,1
dataset/1414.jpg,6
dataset/1415.jpg,1
dataset/1416.jpg,5
dataset/1417.jpg,1
dataset/1418.jpg,8
dataset/1419.jpg,2
dataset/1420.jpg,5
dataset/1421.jpg,2
dataset/1422.jpg,2
dataset/1423.jpg,5
dataset/1424.jpg,5
dataset/1425.jpg,2
dataset/1426.jpg,4
dataset/1427.jpg,2
dataset/1428.jpg,5
dataset/1429.jpg,2
dataset/1430.jpg,7
dataset/1431.jpg,3
dataset/1432.jpg,5
dataset/1433.jpg,3
dataset/1434.jpg,4
dataset/1435.jpg,9
dataset/1436.jpg,5
dataset/1437.jpg,4
dataset/1438.jpg,4
dataset/1439.jpg,6
dataset/1440.jpg,5
dataset/1441.jpg,4
dataset/1442.jpg,4
dataset/1443.jpg,9
dataset/1444.jpg,5
dataset/1445.jpg,4
dataset/1446.jpg,6
dataset/1447.jpg,3
dataset/1448.jpg,5
dataset/1449.jpg,4
dataset/1450.jpg,6
dataset/1451.jpg,9
dataset/1452.jpg,5
dataset/1453.jpg,5
dataset/1454.jpg,6
dataset/1455.jpg,6
dataset/1456.jpg,5
dataset/1457.jpg,6
dataset/1458.jpg,6
dataset/1459.jpg,9
dataset/1460.jpg,5
dataset/1461.jpg,6
dataset/1462.jpg,9
dataset/1463.jpg,2
dataset/1464.jpg,5
dataset/1465.jpg,7
dataset/1466.jpg,2
dataset/1467.jpg,2
dataset/1468.jpg,5
dataset/1469.jpg,7
dataset/1470.jpg,2
dataset/1471.jpg,3
dataset/1472.jpg,5
dataset/1473.jpg,7
dataset/1474.jpg,7
dataset/1475.jpg,3
dataset/1476.jpg,5
dataset/1477.jpg,8
dataset/1478.jpg,1
dataset/1479.jpg,9
dataset/1480.jpg,5
dataset/1481.jpg,8
dataset/1482.jpg,2
dataset/1483.jpg,9
dataset/1484.jpg,5
dataset/1485.jpg,8
dataset/1486.jpg,5
dataset/1487.jpg,1
dataset/1488.jpg,5
dataset/1489.jpg,8
dataset/1490.jpg,6
dataset/1491.jpg,7
dataset/1492.jpg,5
dataset/1493.jpg,9
dataset/1494.jpg,1
dataset/1495.jpg,8
dataset/1496.jpg,5
dataset/1497.jpg,9
dataset/1498.jpg,2
dataset/1499.jpg,1
dataset/1500.jpg,5
dataset/1501.jpg,9
dataset/1502.jpg,2
dataset/1503.jpg,9
dataset/1504.jpg,5
dataset/1505.jpg,9
dataset/1506.jpg,4
dataset/1507.jpg,7
dataset/1508.jpg,5
dataset/1509.jpg,9
dataset/1510.jpg,6
dataset/1511.jpg,1
dataset/1512.jpg,6
dataset/1513.jpg,1
dataset/1514.jpg,1
dataset/1515.jpg,2
dataset/1516.jpg,6
dataset/1517.jpg,2
dataset/1518.jpg,1
dataset/1519.jpg,8
dataset/1520.jpg,6
dataset/1521.jpg,2
dataset/1522.jpg,2
dataset/1523.jpg,1
dataset/1524.jpg,6
dataset/1525.jpg,2
dataset/1526.jpg,2
dataset/1527.jpg,4
dataset/1528.jpg,6
dataset/1529.jpg,2
dataset/1530.jpg,3
dataset/1531.jpg,9
dataset/1532.jpg,6
dataset/1533.jpg,2
dataset/1534.jpg,5
dataset/1535.jpg,7
dataset/1536.jpg,6
dataset/1537.jpg,2
dataset/1538.jpg,5
dataset/1539.jpg,8
dataset/1540.jpg,6
dataset/1541.jpg,2
dataset/1542.jpg,8
dataset/1543.jpg,1
dataset/1544.jpg,6
dataset/1545.jpg,2
dataset/1546.jpg,9
dataset/1547.jpg,1
dataset/1548.jpg,6
dataset/1549.jpg,2
dataset/1550.jpg,9
dataset/1551.jpg,6
dataset/1552.jpg,6
dataset/1553.jpg,3
dataset/1554.jpg,1
dataset/1555.jpg,7
dataset/1556.jpg,6
dataset/1557.jpg,3
dataset/1558.jpg,2
dataset/1559.jpg,9
dataset/1560.jpg,6
dataset/1561.jpg,3
dataset/1562.jpg,3
dataset/1563.jpg,9
dataset/1564.jpg,6
dataset/1565.jpg,4
dataset/1566.jpg,3
dataset/1567.jpg,3
dataset/1568.jpg,6
dataset/1569.jpg,4
dataset/1570.jpg,4
dataset/1571.jpg,1
dataset/1572.jpg,6
dataset/1573.jpg,4
dataset/1574.jpg,5
dataset/1575.jpg,7
dataset/1576.jpg,6
dataset/1577.jpg,4
dataset/1578.jpg,6
dataset/1579.jpg,1
dataset/1580.jpg,6
dataset/1581.jpg,6
dataset/1582.jpg,2
dataset/1583.jpg,2
dataset/1584.jpg,6
dataset/1585.jpg,6
dataset/1586.jpg,4
dataset/1587.jpg,2
dataset/1588.jpg,6
dataset/1589.jpg,6
dataset/1590.jpg,4
dataset/1591.jpg,9
dataset/1592.jpg,6
dataset/1593.jpg,6
dataset/1594.jpg,6
dataset/1595.jpg,3
dataset/1596.jpg,6
dataset/1597.jpg,6
dataset/1598.jpg,8
dataset/1599.jpg,4
dataset/1600.jpg,6
dataset/1601.jpg,7
dataset/1602.jpg,1
dataset/1603.jpg,9
dataset/1604.jpg,6
dataset/1605.jpg,7
dataset/1606.jpg,3
dataset/1607.jpg,3
dataset/1608.jpg,6
dataset/1609.jpg,7
dataset/1610.jpg,9
dataset/1611.jpg,5
dataset/1612.jpg,6
dataset/1613.jpg,8
dataset/1614.jpg,3
dataset/1615.jpg,7
dataset/1616.jpg,6
dataset/1617.jpg,8
dataset/1618.jpg,8
dataset/1619.jpg,3
dataset/1620.jpg,6
dataset/1621.jpg,8
dataset/1622.jpg,8
dataset/1623.jpg,8
dataset/1624.jpg,6
dataset/1625.jpg,9
dataset/1626.jpg,5
dataset/1627.jpg,9
dataset/1628.jpg,6
dataset/1629.jpg,9
dataset/1630.jpg,8
dataset/1631.jpg,7
dataset/1632.jpg,7
dataset/1633.jpg,1
dataset/1634.jpg,2
dataset/1635.jpg,3
dataset/1636.jpg,7
dataset/1637.jpg,1
dataset/1638.jpg,2
dataset/1639.jpg,8
dataset/1640.jpg,7
dataset/1641.jpg,3
dataset/1642.jpg,5
dataset/1643.jpg,2
dataset/1644.jpg,7
dataset/1645.jpg,3
dataset/1646.jpg,5
dataset/1647.jpg,5
dataset/1648.jpg,7
dataset/1649.jpg,4
dataset/1650.jpg,3
dataset/1651.jpg,6
dataset/1652.jpg,7
dataset/1653.jpg,4
dataset/1654.jpg,3
dataset/1655.jpg,9
dataset/1656.jpg,7
dataset/1657.jpg,4
dataset/1658.jpg,6
dataset/1659.jpg,5
dataset/1660.jpg,7
dataset/1661.jpg,5
dataset/1662.jpg,5
dataset/1663.jpg,2
dataset/1664.jpg,7
dataset/1665.jpg,5
dataset/1666.jpg,6
dataset/1667.jpg,4
dataset/1668.jpg,7
dataset/1669.jpg,5
dataset/1670.jpg,8
dataset/1671.jpg,6
dataset/1672.jpg,7
dataset/1673.jpg,6
dataset/1674.jpg,1
dataset/1675.jpg,1
dataset/1676.jpg,7
dataset/1677.jpg,6
dataset/1678.jpg,2
dataset/1679.jpg,7
dataset/1680.jpg,7
dataset/1681.jpg,7
dataset/1682.jpg,1
dataset/1683.jpg,9
dataset/1684.jpg,7
dataset/1685.jpg,7
dataset/1686.jpg,3
dataset/1687.jpg,7
dataset/1688.jpg,7
dataset/1689.jpg,8
dataset/1690.jpg,5
dataset/1691.jpg,4
dataset/1692.jpg,7
dataset/1693.jpg,8
dataset/1694.jpg,8
dataset/1695.jpg,4
dataset/1696.jpg,7
dataset/1697.jpg,9
dataset/1698.jpg,1
dataset/1699.jpg,1
dataset/1700.jpg,7
dataset/1701.jpg,9
dataset/1702.jpg,1
dataset/1703.jpg,6
dataset/1704.jpg,8
dataset/1705.jpg,1
dataset/1706.jpg,1
dataset/1707.jpg,5
dataset/1708.jpg,8
dataset/1709.jpg,1
dataset/1710.jpg,9
dataset/1711.jpg,3
dataset/1712.jpg,8
dataset/1713.jpg,3
dataset/1714.jpg,3
dataset/1715.jpg,9
dataset/1716.jpg,8
dataset/1717.jpg,3
dataset/1718.jpg,5
dataset/1719.jpg,3
dataset/1720.jpg,8
dataset/1721.jpg,3
dataset/1722.jpg,8
dataset/1723.jpg,2
dataset/1724.jpg,8
dataset/1725.jpg,4
dataset/1726.jpg,5
dataset/1727.jpg,8
dataset/1728.jpg,8
dataset/1729.jpg,4
dataset/1730.jpg,8
dataset/1731.jpg,3
dataset/1732.jpg,8
dataset/1733.jpg,4
dataset/1734.jpg,9
dataset/1735.jpg,5
dataset/1736.jpg,8
dataset/1737.jpg,5
dataset/1738.jpg,6
dataset/1739.jpg,3
dataset/1740.jpg,8
dataset/1741.jpg,5
dataset/1742.jpg,6
dataset/1743.jpg,9
dataset/1744.jpg,8
dataset/1745.jpg,5
dataset/1746.jpg,8
dataset/1747.jpg,6
dataset/1748.jpg,8
dataset/1749.jpg,6
dataset/1750.jpg,2
dataset/1751.jpg,7
dataset/1752.jpg,8
dataset/1753.jpg,7
dataset/1754.jpg,1
dataset/1755.jpg,1
dataset/1756.jpg,8
dataset/1757.jpg,7
dataset/1758.jpg,3
dataset/1759.jpg,1
dataset/1760.jpg,8
dataset/1761.jpg,7
dataset/1762.jpg,7
dataset/1763.jpg,2
dataset/1764.jpg,8
dataset/1765.jpg,7
dataset/1766.jpg,9
dataset/1767.jpg,4
dataset/1768.jpg,8
dataset/1769.jpg,8
dataset/1770.jpg,3
dataset/1771.jpg,4
dataset/1772.jpg,8
dataset/1773.jpg,8
dataset/1774.jpg,3
dataset/1775.jpg,6
dataset/1776.jpg,8
dataset/1777.jpg,8
dataset/1778.jpg,4
dataset/1779.jpg,5
dataset/1780.jpg,8
dataset/1781.jpg,8
dataset/1782.jpg,7
dataset/1783.jpg,9
dataset/1784.jpg,8
dataset/1785.jpg,8
dataset/1786.jpg,8
dataset/1787.jpg,3
dataset/1788.jpg,8
dataset/1789.jpg,8
dataset/1790.jpg,8
dataset/1791.jpg,5
dataset/1792.jpg,8
dataset/1793.jpg,8
dataset/1794.jpg,9
dataset/1795.jpg,7
dataset/1796.jpg,8
dataset/1797.jpg,9
dataset/1798.jpg,8
dataset/1799.jpg,1
dataset/1800.jpg,9
dataset/1801.jpg,1
dataset/1802.jpg,9
dataset/1803.jpg,5
dataset/1804.jpg,9
dataset/1805.jpg,2
dataset/1806.jpg,5
dataset/1807.jpg,8
dataset/1808.jpg,9
dataset/1809.jpg,3
dataset/1810.jpg,1
dataset/1811.jpg,5
dataset/1812.jpg,9
dataset/1813.jpg,3
dataset/1814.jpg,9
dataset/1815.jpg,5
dataset/1816.jpg,9
dataset/1817.jpg,4
dataset/1818.jpg,2
dataset/1819.jpg,4
dataset/1820.jpg,9
dataset/1821.jpg,5
dataset/1822.jpg,1
dataset/1823.jpg,6
dataset/1824.jpg,9
dataset/1825.jpg,6
dataset/1826.jpg,7
dataset/1827.jpg,2
dataset/1828.jpg,9
dataset/1829.jpg,6
dataset/1830.jpg,9
dataset/1831.jpg,3
dataset/1832.jpg,9
dataset/1833.jpg,6
dataset/1834.jpg,9
dataset/1835.jpg,5
dataset/1836.jpg,9
dataset/1837.jpg,7
dataset/1838.jpg,1
dataset/1839.jpg,5
dataset/1840.jpg,9
dataset/1841.jpg,7
dataset/1842.jpg,1
dataset/1843.jpg,8
dataset/1844.jpg,9
dataset/1845.jpg,7
dataset/1846.jpg,2
dataset/1847.jpg,7
dataset/1848.jpg,9
dataset/1849.jpg,7
dataset/1850.jpg,7
dataset/1851.jpg,2
dataset/1852.jpg,9
dataset/1853.jpg,8
dataset/1854.jpg,2
dataset/1855.jpg,1
dataset/1856.jpg,9
dataset/1857.jpg,8
dataset/1858.jpg,3
dataset/1859.jpg,9
dataset/1860.jpg,9
dataset/1861.jpg,8
dataset/1862.jpg,4
dataset/1863.jpg,5
dataset/1864.jpg,9
dataset/1865.jpg,8
dataset/1866.jpg,6
dataset/1867.jpg,9
dataset/1868.jpg,9
dataset/1869.jpg,9
dataset/1870.jpg,7
dataset/1871.jpg,1
dataset/1872.jpg,1
dataset/1873.jpg,1
dataset/1874.jpg,2
dataset/1875.jpg,9
dataset/1876.jpg,1
dataset/1877.jpg,1
dataset/1878.jpg,5
dataset/1879.jpg,6
dataset/1880.jpg,1
dataset/1881.jpg,1
dataset/1882.jpg,6
dataset/1883.jpg,7
dataset/1884.jpg,1
dataset/1885.jpg,1
dataset/1886.jpg,7
dataset/1887.jpg,6
dataset/1888.jpg,1
dataset/1889.jpg,2
dataset/1890.jpg,4
dataset/1891.jpg,9
dataset/1892.jpg,1
dataset/1893.jpg,2
dataset/1894.jpg,7
dataset/1895.jpg,2
dataset/1896.jpg,1
dataset/1897.jpg,3
dataset/1898.jpg,2
dataset/1899.jpg,9
dataset/1900.jpg,1
dataset/1901.jpg,4
dataset/1902.jpg,3
dataset/1903.jpg,8
dataset/1904.jpg,1
dataset/1905.jpg,4
dataset/1906.jpg,7
dataset/1907.jpg,3
dataset/1908.jpg,1
dataset/1909.jpg,4
dataset/1910.jpg,7
dataset/1911.jpg,5
dataset/1912.jpg,1
dataset/1913.jpg,4
dataset/1914.jpg,9
dataset/1915.jpg,2
dataset/1916.jpg,1
dataset/1917.jpg,5
dataset/1918.jpg,1
dataset/1919.jpg,1
dataset/1920.jpg,1
dataset/1921.jpg,5
dataset/1922.jpg,2
dataset/1923.jpg,3
dataset/1924.jpg,1
dataset/1925.jpg,5
dataset/1926.jpg,2
dataset/1927.jpg,9
dataset/1928.jpg,1
dataset/1929.jpg,5
dataset/1930.jpg,4
dataset/1931.jpg,3
dataset/1932.jpg,1
dataset/1933.jpg,5
dataset/1934.jpg,6
dataset/1935.jpg,3
dataset/1936.jpg,1
dataset/1937.jpg,5
dataset/1938.jpg,6
dataset/1939.jpg,4
dataset/1940.jpg,1
dataset/1941.jpg,6
dataset/1942.jpg,1
dataset/1943.jpg,2
dataset/1944.jpg,1
dataset/1945.jpg,6
dataset/1946.jpg,1
dataset/1947.jpg,8
dataset/1948.jpg,1
dataset/1949.jpg,6
dataset/1950.jpg,3
dataset/1951.jpg,3
dataset/1952.jpg,1
dataset/1953.jpg,6
dataset/1954.jpg,4
dataset/1955.jpg,3
dataset/1956.jpg,1
dataset/1957.jpg,6
dataset/1958.jpg,5
dataset/1959.jpg,2
dataset/1960.jpg,1
dataset/1961.jpg,6
dataset/1962.jpg,5
dataset/1963.jpg,6
dataset/1964.jpg,1
dataset/1965.jpg,7
dataset/1966.jpg,1
dataset/1967.jpg,7
dataset/1968.jpg,1
dataset/1969.jpg,7
dataset/1970.jpg,2
dataset/1971.jpg,3
dataset/1972.jpg,1
dataset/1973.jpg,7
dataset/1974.jpg,5
dataset/1975.jpg,1
dataset/1976.jpg,1
dataset/1977.jpg,7
dataset/1978.jpg,5
dataset/1979.jpg,2
dataset/1980.jpg,1
dataset/1981.jpg,7
dataset/1982.jpg,5
dataset/1983.jpg,6
dataset/1984.jpg,1
dataset/1985.jpg,7
dataset/1986.jpg,6
dataset/1987.jpg,6
dataset/1988.jpg,1
dataset/1989.jpg,7
dataset/1990.jpg,8
dataset/1991.jpg,3
dataset/1992.jpg,1
dataset/1993.jpg,8
dataset/1994.jpg,7
dataset/1995.jpg,1
dataset/1996.jpg,1
dataset/1997.jpg,8
dataset/1998.jpg,7
dataset/1999.jpg,3
dataset/2000.jpg,1
dataset/2001.jpg,8
dataset/2002.jpg,8
dataset/2003.jpg,2
dataset/2004.jpg,1
dataset/2005.jpg,8
dataset/2006.jpg,9
dataset/2007.jpg,5
dataset/2008.jpg,1
dataset/2009.jpg,9
dataset/2010.jpg,2
dataset/2011.jpg,5
dataset/2012.jpg,1
dataset/2013.jpg,9
dataset/2014.jpg,3
dataset/2015.jpg,8
dataset/2016.jpg,1
dataset/2017.jpg,9
dataset/2018.jpg,7
dataset/2019.jpg,7
dataset/2020.jpg,1
dataset/2021.jpg,9
dataset/2022.jpg,8
dataset/2023.jpg,7
dataset/2024.jpg,2
dataset/2025.jpg,1
dataset/2026.jpg,3
dataset/2027.jpg,9
dataset/2028.jpg,2
dataset/2029.jpg,1
dataset/2030.jpg,5
dataset/2031.jpg,4
dataset/2032.jpg,2
dataset/2033.jpg,1
dataset/2034.jpg,5
dataset/2035.jpg,9
dataset/2036.jpg,2
dataset/2037.jpg,2
dataset/2038.jpg,2
dataset/2039.jpg,5
dataset/2040.jpg,2
dataset/2041.jpg,2
dataset/2042.jpg,4
dataset/2043.jpg,4
dataset/2044.jpg,2
dataset/2045.jpg,2
dataset/2046.jpg,6
dataset/2047.jpg,1
dataset/2048.jpg,2
dataset/2049.jpg,2
dataset/2050.jpg,9
dataset/2051.jpg,1
dataset/2052.jpg,2
dataset/2053.jpg,3
dataset/2054.jpg,4
dataset/2055.jpg,3
dataset/2056.jpg,2
dataset/2057.jpg,3
dataset/2058.jpg,5
dataset/2059.jpg,8
dataset/2060.jpg,2
dataset/2061.jpg,3
dataset/2062.jpg,6
dataset/2063.jpg,9
dataset/2064.jpg,2
dataset/2065.jpg,3
dataset/2066.jpg,7
dataset/2067.jpg,1
dataset/2068.jpg,2
dataset/2069.jpg,3
dataset/2070.jpg,8
dataset/2071.jpg,5
dataset/2072.jpg,2
dataset/2073.jpg,3
dataset/2074.jpg,9
dataset/2075.jpg,8
dataset/2076.jpg,2
dataset/2077.jpg,4
dataset/2078.jpg,2
dataset/2079.jpg,5
dataset/2080.jpg,2
dataset/2081.jpg,4
dataset/2082.jpg,2
dataset/2083.jpg,6
dataset/2084.jpg,2
dataset/2085.jpg,4
dataset/2086.jpg,3
dataset/2087.jpg,5
dataset/2088.jpg,2
dataset/2089.jpg,4
dataset/2090.jpg,3
dataset/2091.jpg,6
dataset/2092.jpg,2
dataset/2093.jpg,4
dataset/2094.jpg,4
dataset/2095.jpg,5
dataset/2096.jpg,2
dataset/2097.jpg,4
dataset/2098.jpg,7
dataset/2099.jpg,1
dataset/2100.jpg,2
dataset/2101.jpg,4
dataset/2102.jpg,7
dataset/2103.jpg,6
dataset/2104.jpg,2
dataset/2105.jpg,5
dataset/2106.jpg,1
dataset/2107.jpg,5
dataset/2108.jpg,2
dataset/2109.jpg,5
dataset/2110.jpg,8
dataset/2111.jpg,9
dataset/2112.jpg,2
dataset/2113.jpg,6
dataset/2114.jpg,2
dataset/2115.jpg,1
dataset/2116.jpg,2
dataset/2117.jpg,6
dataset/2118.jpg,3
dataset/2119.jpg,3
dataset/2120.jpg,2
dataset/2121.jpg,6
dataset/2122.jpg,4
dataset/2123.jpg,9
dataset/2124.jpg,2
dataset/2125.jpg,6
dataset/2126.jpg,8
dataset/2127.jpg,2
dataset/2128.jpg,2
dataset/2129.jpg,7
dataset/2130.jpg,1
dataset/2131.jpg,4
dataset/2132.jpg,2
dataset/2133.jpg,7
dataset/2134.jpg,1
dataset/2135.jpg,6
dataset/2136.jpg,2
dataset/2137.jpg,7
dataset/2138.jpg,7
dataset/2139.jpg,2
dataset/2140.jpg,2
dataset/2141.jpg,7
dataset/2142.jpg,9
dataset/2143.jpg,7
dataset/2144.jpg,2
dataset/2145.jpg,8
dataset/2146.jpg,1
dataset/2147.jpg,2
dataset/2148.jpg,2
dataset/2149.jpg,8
dataset/2150.jpg,1
dataset/2151.jpg,4
dataset/2152.jpg,2
dataset/2153.jpg,8
dataset/2154.jpg,2
dataset/2155.jpg,6
dataset/2156.jpg,2
dataset/2157.jpg,8
dataset/2158.jpg,8
dataset/2159.jpg,2
dataset/2160.jpg,2
dataset/2161.jpg,8
dataset/2162.jpg,8
dataset/2163.jpg,3
dataset/2164.jpg,2
dataset/2165.jpg,8
dataset/2166.jpg,8
dataset/2167.jpg,9
dataset/2168.jpg,2
dataset/2169.jpg,8
dataset/2170.jpg,9
dataset/2171.jpg,3
dataset/2172.jpg,2
dataset/2173.jpg,9
dataset/2174.jpg,2
dataset/2175.jpg,1
dataset/2176.jpg,2
dataset/2177.jpg,9
dataset/2178.jpg,2
dataset/2179.jpg,6
dataset/2180.jpg,2
dataset/2181.jpg,9
dataset/2182.jpg,6
dataset/2183.jpg,4
dataset/2184.jpg,2
dataset/2185.jpg,9
dataset/2186.jpg,7
dataset/2187.jpg,4
dataset/2188.jpg,3
dataset/2189.jpg,1
dataset/2190.jpg,3
dataset/2191.jpg,4
dataset/2192.jpg,3
dataset/2193.jpg,1
dataset/2194.jpg,4
dataset/2195.jpg,6
dataset/2196.jpg,3
dataset/2197.jpg,1
dataset/2198.jpg,4
dataset/2199.jpg,9
dataset/2200.jpg,3
dataset/2201.jpg,1
dataset/2202.jpg,6
dataset/2203.jpg,2
dataset/2204.jpg,3
dataset/2205.jpg,1
dataset/2206.jpg,8
dataset/2207.jpg,4
dataset/2208.jpg,3
dataset/2209.jpg,1
dataset/2210.jpg,8
dataset/2211.jpg,9
dataset/2212.jpg,3
dataset/2213.jpg,1
dataset/2214.jpg,9
dataset/2215.jpg,6
dataset/2216.jpg,3
dataset/2217.jpg,2
dataset/2218.jpg,5
dataset/2219.jpg,3
dataset/2220.jpg,3
dataset/2221.jpg,2
dataset/2222.jpg,6
dataset/2223.jpg,6
dataset/2224.jpg,3
dataset/2225.jpg,3
dataset/2226.jpg,1
dataset/2227.jpg,9
dataset/2228.jpg,3
dataset/2229.jpg,3
dataset/2230.jpg,4
dataset/2231.jpg,2
dataset/2232.jpg,3
dataset/2233.jpg,3
dataset/2234.jpg,7
dataset/2235.jpg,1
dataset/2236.jpg,3
dataset/2237.jpg,3
dataset/2238.jpg,7
dataset/2239.jpg,7
dataset/2240.jpg,3
dataset/2241.jpg,4
dataset/2242.jpg,1
dataset/2243.jpg,5
dataset/2244.jpg,3
dataset/2245.jpg,4
dataset/2246.jpg,8
dataset/2247.jpg,6
dataset/2248.jpg,3
dataset/2249.jpg,4
dataset/2250.jpg,9
dataset/2251.jpg,5
dataset/2252.jpg,3
dataset/2253.jpg,5
dataset/2254.jpg,1
dataset/2255.jpg,4
dataset/2256.jpg,3
dataset/2257.jpg,5
dataset/2258.jpg,4
dataset/2259.jpg,6
dataset/2260.jpg,3
dataset/2261.jpg,5
dataset/2262.jpg,7
dataset/2263.jpg,3
dataset/2264.jpg,3
dataset/2265.jpg,5
dataset/2266.jpg,7
dataset/2267.jpg,5
dataset/2268.jpg,3
dataset/2269.jpg,5
dataset/2270.jpg,8
dataset/2271.jpg,3
dataset/2272.jpg,3
dataset/2273.jpg,5
dataset/2274.jpg,8
dataset/2275.jpg,6
dataset/2276.jpg,3
dataset/2277.jpg,6
dataset/2278.jpg,2
dataset/2279.jpg,3
dataset/2280.jpg,3
dataset/2281.jpg,6
dataset/2282.jpg,4
dataset/2283.jpg,1
dataset/2284.jpg,3
dataset/2285.jpg,6
dataset/2286.jpg,5
dataset/2287.jpg,7
dataset/2288.jpg,3
dataset/2289.jpg,6
dataset/2290.jpg,9
dataset/2291.jpg,3
dataset/2292.jpg,3
dataset/2293.jpg,7
dataset/2294.jpg,2
dataset/2295.jpg,3
dataset/2296.jpg,3
dataset/2297.jpg,7
dataset/2298.jpg,3
dataset/2299.jpg,8
dataset/2300.jpg,3
dataset/2301.jpg,7
dataset/2302.jpg,6
dataset/2303.jpg,3
dataset/2304.jpg,3
dataset/2305.jpg,7
dataset/2306.jpg,6
dataset/2307.jpg,5
dataset/2308.jpg,3
dataset/2309.jpg,7
dataset/2310.jpg,7
dataset/2311.jpg,7
dataset/2312.jpg,3
dataset/2313.jpg,8
dataset/2314.jpg,3
dataset/2315.jpg,5
dataset/2316.jpg,3
dataset/2317.jpg,8
dataset/2318.jpg,5
dataset/2319.jpg,7
dataset/2320.jpg,3
dataset/2321.jpg,8
dataset/2322.jpg,8
dataset/2323.jpg,3
dataset/2324.jpg,3
dataset/2325.jpg,9
dataset/2326.jpg,1
dataset/2327.jpg,6
dataset/2328.jpg,3
dataset/2329.jpg,9
dataset/2330.jpg,3
dataset/2331.jpg,4
dataset/2332.jpg,4
dataset/2333.jpg,1
dataset/2334.jpg,7
dataset/2335.jpg,7
dataset/2336.jpg,4
dataset/2337.jpg,2
dataset/2338.jpg,2
dataset/2339.jpg,6
dataset/2340.jpg,4
dataset/2341.jpg,2
dataset/2342.jpg,3
dataset/2343.jpg,6
dataset/2344.jpg,4
dataset/2345.jpg,2
dataset/2346.jpg,5
dataset/2347.jpg,4
dataset/2348.jpg,4
dataset/2349.jpg,2
dataset/2350.jpg,7
dataset/2351.jpg,8
dataset/2352.jpg,4
dataset/2353.jpg,2
dataset/2354.jpg,9
dataset/2355.jpg,6
dataset/2356.jpg,4
dataset/2357.jpg,3
dataset/2358.jpg,1
dataset/2359.jpg,6
dataset/2360.jpg,4
dataset/2361.jpg,3
dataset/2362.jpg,4
dataset/2363.jpg,4
dataset/2364.jpg,4
dataset/2365.jpg,3
dataset/2366.jpg,8
dataset/2367.jpg,2
dataset/2368.jpg,4
dataset/2369.jpg,3
dataset/2370.jpg,9
dataset/2371.jpg,6
dataset/2372.jpg,4
dataset/2373.jpg,3
dataset/2374.jpg,9
dataset/2375.jpg,8
dataset/2376.jpg,4
dataset/2377.jpg,5
dataset/2378.jpg,3
dataset/2379.jpg,8
dataset/2380.jpg,4
dataset/2381.jpg,5
dataset/2382.jpg,4
dataset/2383.jpg,2
dataset/2384.jpg,4
dataset/2385.jpg,5
dataset/2386.jpg,5
dataset/2387.jpg,4
dataset/2388.jpg,4
dataset/2389.jpg,5
dataset/2390.jpg,6
dataset/2391.jpg,1
dataset/2392.jpg,4
dataset/2393.jpg,6
dataset/2394.jpg,3
dataset/2395.jpg,2
dataset/2396.jpg,4
dataset/2397.jpg,6
dataset/2398.jpg,4
dataset/2399.jpg,5
dataset/2400.jpg,4
dataset/2401.jpg,7
dataset/2402.jpg,1
dataset/2403.jpg,9
dataset/2404.jpg,4
dataset/2405.jpg,7
dataset/2406.jpg,5
dataset/2407.jpg,8
dataset/2408.jpg,4
dataset/2409.jpg,8
dataset/2410.jpg,2
dataset/2411.jpg,2
dataset/2412.jpg,4
dataset/2413.jpg,8
dataset/2414.jpg,2
dataset/2415.jpg,6
dataset/2416.jpg,4
dataset/2417.jpg,8
dataset/2418.jpg,4
dataset/2419.jpg,5
dataset/2420.jpg,4
dataset/2421.jpg,8
dataset/2422.jpg,5
dataset/2423.jpg,5
dataset/2424.jpg,4
dataset/2425.jpg,8
dataset/2426.jpg,9
dataset/2427.jpg,3
dataset/2428.jpg,4
dataset/2429.jpg,9
dataset/2430.jpg,2
dataset/2431.jpg,9
dataset/2432.jpg,4
dataset/2433.jpg,9
dataset/2434.jpg,3
dataset/2435.jpg,2
dataset/2436.jpg,4
dataset/2437.jpg,9
dataset/2438.jpg,3
dataset/2439.jpg,5
dataset/2440.jpg,4
dataset/2441.jpg,9
dataset/2442.jpg,3
dataset/2443.jpg,9
dataset/2444.jpg,4
dataset/2445.jpg,9
dataset/2446.jpg,6
dataset/2447.jpg,2
dataset/2448.jpg,5
dataset/2449.jpg,1
dataset/2450.jpg,2
dataset/2451.jpg,2
dataset/2452.jpg,5
dataset/2453.jpg,1
dataset/2454.jpg,2
dataset/2455.jpg,4
dataset/2456.jpg,5
dataset/2457.jpg,1
dataset/2458.jpg,5
dataset/2459.jpg,1
dataset/2460.jpg,5
dataset/2461.jpg,1
dataset/2462.jpg,7
dataset/2463.jpg,5
dataset/2464.jpg,5
dataset/2465.jpg,1
dataset/2466.jpg,9
dataset/2467.jpg,9
dataset/2468.jpg,5
dataset/2469.jpg,2
dataset/2470.jpg,3
dataset/2471.jpg,1
dataset/2472.jpg,5
dataset/2473.jpg,2
dataset/2474.jpg,4
dataset/2475.jpg,8
dataset/2476.jpg,5
dataset/2477.jpg,2
dataset/2478.jpg,5
dataset/2479.jpg,8
dataset/2480.jpg,5
dataset/2481.jpg,2
dataset/2482.jpg,6
dataset/2483.jpg,6
dataset/2484.jpg,5
dataset/2485.jpg,2
dataset/2486.jpg,6
dataset/2487.jpg,9
dataset/2488.jpg,5
dataset/2489.jpg,2
dataset/2490.jpg,8
dataset/2491.jpg,2
dataset/2492.jpg,5
dataset/2493.jpg,2
dataset/2494.jpg,9
dataset/2495.jpg,9
dataset/2496.jpg,5
dataset/2497.jpg,3
dataset/2498.jpg,1
dataset/2499.jpg,5
dataset/2500.jpg,5
dataset/2501.jpg,3
dataset/2502.jpg,1
dataset/2503.jpg,7
dataset/2504.jpg,5
dataset/2505.jpg,3
dataset/2506.jpg,2
dataset/2507.jpg,4
dataset/2508.jpg,5
dataset/2509.jpg,3
dataset/2510.jpg,2
dataset/2511.jpg,6
dataset/2512.jpg,5
dataset/2513.jpg,3
dataset/2514.jpg,4
dataset/2515.jpg,7
dataset/2516.jpg,5
dataset/2517.jpg,3
dataset/2518.jpg,5
dataset/2519.jpg,7
dataset/2520.jpg,5
dataset/2521.jpg,3
dataset/2522.jpg,6
dataset/2523.jpg,1
dataset/2524.jpg,5
dataset/2525.jpg,3
dataset/2526.jpg,6
dataset/2527.jpg,8
dataset/2528.jpg,5
dataset/2529.jpg,3
dataset/2530.jpg,9
dataset/2531.jpg,3
dataset/2532.jpg,5
dataset/2533.jpg,4
dataset/2534.jpg,4
dataset/2535.jpg,1
dataset/2536.jpg,5
dataset/2537.jpg,4
dataset/2538.jpg,4
dataset/2539.jpg,2
dataset/2540.jpg,5
dataset/2541.jpg,4
dataset/2542.jpg,4
dataset/2543.jpg,3
dataset/2544.jpg,5
dataset/2545.jpg,4
dataset/2546.jpg,4
dataset/2547.jpg,5
dataset/2548.jpg,5
dataset/2549.jpg,4
dataset/2550.jpg,5
dataset/2551.jpg,6
dataset/2552.jpg,5
dataset/2553.jpg,4
dataset/2554.jpg,5
dataset/2555.jpg,8
dataset/2556.jpg,5
dataset/2557.jpg,4
dataset/2558.jpg,7
dataset/2559.jpg,5
dataset/2560.jpg,5
dataset/2561.jpg,4
dataset/2562.jpg,8
dataset/2563.jpg,9
dataset/2564.jpg,5
dataset/2565.jpg,5
dataset/2566.jpg,7
dataset/2567.jpg,2
dataset/2568.jpg,5
dataset/2569.jpg,5
dataset/2570.jpg,9
dataset/2571.jpg,2
dataset/2572.jpg,5
dataset/2573.jpg,5
dataset/2574.jpg,9
dataset/2575.jpg,3
dataset/2576.jpg,5
dataset/2577.jpg,7
dataset/2578.jpg,1
dataset/2579.jpg,7
dataset/2580.jpg,5
dataset/2581.jpg,7
dataset/2582.jpg,5
dataset/2583.jpg,2
dataset/2584.jpg,5
dataset/2585.jpg,7
dataset/2586.jpg,7
dataset/2587.jpg,4
dataset/2588.jpg,5
dataset/2589.jpg,7
dataset/2590.jpg,9
dataset/2591.jpg,2
dataset/2592.jpg,5
dataset/2593.jpg,8
dataset/2594.jpg,2
dataset/2595.jpg,6
dataset/2596.jpg,5
dataset/2597.jpg,8
dataset/2598.jpg,2
dataset/2599.jpg,8
dataset/2600.jpg,5
dataset/2601.jpg,8
dataset/2602.jpg,3
dataset/2603.jpg,6
dataset/2604.jpg,5
dataset/2605.jpg,8
dataset/2606.jpg,3
dataset/2607.jpg,9
dataset/2608.jpg,5
dataset/2609.jpg,8
dataset/2610.jpg,4
dataset/2611.jpg,2
dataset/2612.jpg,5
dataset/2613.jpg,8
dataset/2614.jpg,5
dataset/2615.jpg,5
dataset/2616.jpg,5
dataset/2617.jpg,9
dataset/2618.jpg,2
dataset/2619.jpg,3
dataset/2620.jpg,5
dataset/2621.jpg,9
dataset/2622.jpg,2
dataset/2623.jpg,4
dataset/2624.jpg,5
dataset/2625.jpg,9
dataset/2626.jpg,2
dataset/2627.jpg,5
dataset/2628.jpg,5
dataset/2629.jpg,9
dataset/2630.jpg,6
dataset/2631.jpg,7
dataset/2632.jpg,5
dataset/2633.jpg,9
dataset/2634.jpg,7
dataset/2635.jpg,7
dataset/2636.jpg,5
dataset/2637.jpg,9
dataset/2638.jpg,8
dataset/2639.jpg,5
dataset/2640.jpg,5
dataset/2641.jpg,9
dataset/2642.jpg,8
dataset/2643.jpg,7
dataset/2644.jpg,6
dataset/2645.jpg,1
dataset/2646.jpg,1
dataset/2647.jpg,7
dataset/2648.jpg,6
dataset/2649.jpg,1
dataset/2650.jpg,3
dataset/2651.jpg,4
dataset/2652.jpg,6
dataset/2653.jpg,1
dataset/2654.jpg,9
dataset/2655.jpg,9
dataset/2656.jpg,6
dataset/2657.jpg,2
dataset/2658.jpg,2
dataset/2659.jpg,7
dataset/2660.jpg,6
dataset/2661.jpg,2
dataset/2662.jpg,4
dataset/2663.jpg,1
dataset/2664.jpg,6
dataset/2665.jpg,2
dataset/2666.jpg,4
dataset/2667.jpg,7
dataset/2668.jpg,6
dataset/2669.jpg,2
dataset/2670.jpg,6
dataset/2671.jpg,2
dataset/2672.jpg,6
dataset/2673.jpg,2
dataset/2674.jpg,8
dataset/2675.jpg,8
dataset/2676.jpg,6
dataset/2677.jpg,2
dataset/2678.jpg,9
dataset/2679.jpg,4
dataset/2680.jpg,6
dataset/2681.jpg,3
dataset/2682.jpg,6
dataset/2683.jpg,2
dataset/2684.jpg,6
dataset/2685.jpg,3
dataset/2686.jpg,9
dataset/2687.jpg,5
dataset/2688.jpg,6
dataset/2689.jpg,4
dataset/2690.jpg,4
dataset/2691.jpg,3
dataset/2692.jpg,6
dataset/2693.jpg,4
dataset/2694.jpg,5
dataset/2695.jpg,2
dataset/2696.jpg,6
dataset/2697.jpg,4
dataset/2698.jpg,9
dataset/2699.jpg,8
dataset/2700.jpg,6
dataset/2701.jpg,5
dataset/2702.jpg,1
dataset/2703.jpg,9
dataset/2704.jpg,6
dataset/2705.jpg,5
dataset/2706.jpg,7
dataset/2707.jpg,2
dataset/2708.jpg,6
dataset/2709.jpg,5
dataset/2710.jpg,7
dataset/2711.jpg,4
dataset/2712.jpg,6
dataset/2713.jpg,6
dataset/2714.jpg,7
dataset/2715.jpg,5
dataset/2716.jpg,6
dataset/2717.jpg,6
dataset/2718.jpg,7
dataset/2719.jpg,6
dataset/2720.jpg,6
dataset/2721.jpg,6
dataset/2722.jpg,9
dataset/2723.jpg,1
dataset/2724.jpg,6
dataset/2725.jpg,7
dataset/2726.jpg,1
dataset/2727.jpg,4
dataset/2728.jpg,6
dataset/2729.jpg,8
dataset/2730.jpg,1
dataset/2731.jpg,5
dataset/2732.jpg,6
dataset/2733.jpg,8
dataset/2734.jpg,4
dataset/2735.jpg,1
dataset/2736.jpg,6
dataset/2737.jpg,8
dataset/2738.jpg,7
dataset/2739.jpg,8
dataset/2740.jpg,6
dataset/2741.jpg,9
dataset/2742.jpg,1
dataset/2743.jpg,3
dataset/2744.jpg,6
dataset/2745.jpg,9
dataset/2746.jpg,4
dataset/2747.jpg,2
dataset/2748.jpg,6
dataset/2749.jpg,9
dataset/2750.jpg,4
dataset/2751.jpg,3
dataset/2752.jpg,6
dataset/2753.jpg,9
dataset/2754.jpg,5
dataset/2755.jpg,7
dataset/2756.jpg,6
dataset/2757.jpg,9
dataset/2758.jpg,7
dataset/2759.jpg,8
dataset/2760.jpg,7
dataset/2761.jpg,1
dataset/2762.jpg,1
dataset/2763.jpg,2
dataset/2764.jpg,7
dataset/2765.jpg,1
dataset/2766.jpg,3
dataset/2767.jpg,4
dataset/2768.jpg,7
dataset/2769.jpg,1
dataset/2770.jpg,4
dataset/2771.jpg,3
dataset/2772.jpg,7
dataset/2773.jpg,1
dataset/2774.jpg,4
dataset/2775.jpg,8
dataset/2776.jpg,7
dataset/2777.jpg,2
dataset/2778.jpg,2
dataset/2779.jpg,4
dataset/2780.jpg,7
dataset/2781.jpg,2
dataset/2782.jpg,6
dataset/2783.jpg,3
dataset/2784.jpg,7
dataset/2785.jpg,2
dataset/2786.jpg,8
dataset/2787.jpg,3
dataset/2788.jpg,7
dataset/2789.jpg,2
dataset/2790.jpg,9
dataset/2791.jpg,2
dataset/2792.jpg,7
dataset/2793.jpg,2
dataset/2794.jpg,9
dataset/2795.jpg,8
dataset/2796.jpg,7
dataset/2797.jpg,3
dataset/2798.jpg,2
dataset/2799.jpg,7
dataset/2800.jpg,7
dataset/2801.jpg,3
dataset/2802.jpg,7
dataset/2803.jpg,3
dataset/2804.jpg,7
dataset/2805.jpg,3
dataset/2806.jpg,8
dataset/2807.jpg,3
dataset/2808.jpg,7
dataset/2809.jpg,3
dataset/2810.jpg,9
dataset/2811.jpg,7
dataset/2812.jpg,7
dataset/2813.jpg,4
dataset/2814.jpg,1
dataset/2815.jpg,6
dataset/2816.jpg,7
dataset/2817.jpg,4
dataset/2818.jpg,2
dataset/2819.jpg,1
dataset/2820.jpg,7
dataset/2821.jpg,4
dataset/2822.jpg,2
dataset/2823.jpg,7
dataset/2824.jpg,7
dataset/2825.jpg,4
dataset/2826.jpg,3
dataset/2827.jpg,7
dataset/2828.jpg,7
dataset/2829.jpg,4
dataset/2830.jpg,4
dataset/2831.jpg,3
dataset/2832.jpg,7
dataset/2833.jpg,4
dataset/2834.jpg,4
dataset/2835.jpg,5
dataset/2836.jpg,7
dataset/2837.jpg,4
dataset/2838.jpg,5
dataset/2839.jpg,2
dataset/2840.jpg,7
dataset/2841.jpg,4
dataset/2842.jpg,5
dataset/2843.jpg,9
dataset/2844.jpg,7
dataset/2845.jpg,4
dataset/2846.jpg,6
dataset/2847.jpg,4
dataset/2848.jpg,7
dataset/2849.jpg,4
dataset/2850.jpg,7
dataset/2851.jpg,3
dataset/2852.jpg,7
dataset/2853.jpg,4
dataset/2854.jpg,8
dataset/2855.jpg,2
dataset/2856.jpg,7
dataset/2857.jpg,5
dataset/2858.jpg,2
dataset/2859.jpg,7
dataset/2860.jpg,7
dataset/2861.jpg,5
dataset/2862.jpg,3
dataset/2863.jpg,7
dataset/2864.jpg,7
dataset/2865.jpg,5
dataset/2866.jpg,8
dataset/2867.jpg,2
dataset/2868.jpg,7
dataset/2869.jpg,6
dataset/2870.jpg,1
dataset/2871.jpg,8
dataset/2872.jpg,7
dataset/2873.jpg,6
dataset/2874.jpg,4
dataset/2875.jpg,3
dataset/2876.jpg,7
dataset/2877.jpg,6
dataset/2878.jpg,8
dataset/2879.jpg,8
dataset/2880.jpg,7
dataset/2881.jpg,7
dataset/2882.jpg,1
dataset/2883.jpg,2
dataset/2884.jpg,7
dataset/2885.jpg,7
dataset/2886.jpg,1
dataset/2887.jpg,3
dataset/2888.jpg,7
dataset/2889.jpg,7
dataset/2890.jpg,4
dataset/2891.jpg,7
dataset/2892.jpg,7
dataset/2893.jpg,7
dataset/2894.jpg,4
dataset/2895.jpg,8
dataset/2896.jpg,7
dataset/2897.jpg,7
dataset/2898.jpg,8
dataset/2899.jpg,5
dataset/2900.jpg,7
dataset/2901.jpg,8
dataset/2902.jpg,1
dataset/2903.jpg,3
dataset/2904.jpg,7
dataset/2905.jpg,8
dataset/2906.jpg,1
dataset/2907.jpg,9
dataset/2908.jpg,7
dataset/2909.jpg,8
dataset/2910.jpg,4
dataset/2911.jpg,1
dataset/2912.jpg,7
dataset/2913.jpg,8
dataset/2914.jpg,6
dataset/2915.jpg,3
dataset/2916.jpg,7
dataset/2917.jpg,8
dataset/2918.jpg,8
dataset/2919.jpg,6
dataset/2920.jpg,7
dataset/2921.jpg,9
dataset/2922.jpg,2
dataset/2923.jpg,7
dataset/2924.jpg,7
dataset/2925.jpg,9
dataset/2926.jpg,4
dataset/2927.jpg,5
dataset/2928.jpg,7
dataset/2929.jpg,9
dataset/2930.jpg,5
dataset/2931.jpg,3
dataset/2932.jpg,7
dataset/2933.jpg,9
dataset/2934.jpg,6
dataset/2935.jpg,1
dataset/2936.jpg,7
dataset/2937.jpg,9
dataset/2938.jpg,9
dataset/2939.jpg,9
dataset/2940.jpg,8
dataset/2941.jpg,1
dataset/2942.jpg,1
dataset/2943.jpg,9
dataset/2944.jpg,8
dataset/2945.jpg,1
dataset/2946.jpg,4
dataset/2947.jpg,4
dataset/2948.jpg,8
dataset/2949.jpg,1
dataset/2950.jpg,6
dataset/2951.jpg,4
dataset/2952.jpg,8
dataset/2953.jpg,1
dataset/2954.jpg,8
dataset/2955.jpg,1
dataset/2956.jpg,8
dataset/2957.jpg,1
dataset/2958.jpg,9
dataset/2959.jpg,5
dataset/2960.jpg,8
dataset/2961.jpg,2
dataset/2962.jpg,2
dataset/2963.jpg,5
dataset/2964.jpg,8
dataset/2965.jpg,2
dataset/2966.jpg,2
dataset/2967.jpg,8
dataset/2968.jpg,8
dataset/2969.jpg,2
dataset/2970.jpg,4
dataset/2971.jpg,2
dataset/2972.jpg,8
dataset/2973.jpg,2
dataset/2974.jpg,5
dataset/2975.jpg,3
dataset/2976.jpg,8
dataset/2977.jpg,2
dataset/2978.jpg,6
dataset/2979.jpg,6
dataset/2980.jpg,8
dataset/2981.jpg,2
dataset/2982.jpg,8
dataset/2983.jpg,2
dataset/2984.jpg,8
dataset/2985.jpg,2
dataset/2986.jpg,8
dataset/2987.jpg,3
dataset/2988.jpg,8
dataset/2989.jpg,2
dataset/2990.jpg,9
dataset/2991.jpg,8
dataset/2992.jpg,8
dataset/2993.jpg,3
dataset/2994.jpg,3
dataset/2995.jpg,8
dataset/2996.jpg,8
dataset/2997.jpg,3
dataset/2998.jpg,5
dataset/2999.jpg,1
dataset/3000.jpg,8
dataset/3001.jpg,3
dataset/3002.jpg,7
dataset/3003.jpg,9
dataset/3004.jpg,8
dataset/3005.jpg,4
dataset/3006.jpg,6
dataset/3007.jpg,4
dataset/3008.jpg,8
dataset/3009.jpg,4
dataset/3010.jpg,6
dataset/3011.jpg,7
dataset/3012.jpg,8
dataset/3013.jpg,4
dataset/3014.jpg,8
dataset/3015.jpg,4
dataset/3016.jpg,8
dataset/3017.jpg,4
dataset/3018.jpg,9
dataset/3019.jpg,4
dataset/3020.jpg,8
dataset/3021.jpg,5
dataset/3022.jpg,4
dataset/3023.jpg,6
dataset/3024.jpg,8
dataset/3025.jpg,5
dataset/3026.jpg,5
dataset/3027.jpg,4
dataset/3028.jpg,8
dataset/3029.jpg,5
dataset/3030.jpg,6
dataset/3031.jpg,1
dataset/3032.jpg,8
dataset/3033.jpg,5
dataset/3034.jpg,7
dataset/3035.jpg,1
dataset/3036.jpg,8
dataset/3037.jpg,5
dataset/3038.jpg,7
dataset/3039.jpg,5
dataset/3040.jpg,8
dataset/3041.jpg,5
dataset/3042.jpg,7
dataset/3043.jpg,7
dataset/3044.jpg,8
dataset/3045.jpg,7
dataset/3046.jpg,4
dataset/3047.jpg,6
dataset/3048.jpg,8
dataset/3049.jpg,8
dataset/3050.jpg,1
dataset/3051.jpg,4
dataset/3052.jpg,8
dataset/3053.jpg,8
dataset/3054.jpg,2
dataset/3055.jpg,3
dataset/3056.jpg,8
dataset/3057.jpg,8
dataset/3058.jpg,6
dataset/3059.jpg,4
dataset/3060.jpg,8
dataset/3061.jpg,8
dataset/3062.jpg,8
dataset/3063.jpg,2
dataset/3064.jpg,8
dataset/3065.jpg,9
dataset/3066.jpg,1
dataset/3067.jpg,5
dataset/3068.jpg,8
dataset/3069.jpg,9
dataset/3070.jpg,7
dataset/3071.jpg,7
dataset/3072.jpg,8
dataset/3073.jpg,9
dataset/3074.jpg,8
dataset/3075.jpg,9
dataset/3076.jpg,9
dataset/3077.jpg,1
dataset/3078.jpg,4
dataset/3079.jpg,3
dataset/3080.jpg,9
dataset/3081.jpg,1
dataset/3082.jpg,5
dataset/3083.jpg,8
dataset/3084.jpg,9
dataset/3085.jpg,1
dataset/3086.jpg,6
dataset/3087.jpg,5
dataset/3088.jpg,9
dataset/3089.jpg,1
dataset/3090.jpg,9
dataset/3091.jpg,3
dataset/3092.jpg,9
dataset/3093.jpg,2
dataset/3094.jpg,2
dataset/3095.jpg,6
dataset/3096.jpg,9
dataset/3097.jpg,2
dataset/3098.jpg,3
dataset/3099.jpg,1
dataset/3100.jpg,9
dataset/3101.jpg,2
dataset/3102.jpg,3
dataset/3103.jpg,6
dataset/3104.jpg,9
dataset/3105.jpg,2
dataset/3106.jpg,4
dataset/3107.jpg,6
dataset/3108.jpg,9
dataset/3109.jpg,2
dataset/3110.jpg,5
dataset/3111.jpg,6
dataset/3112.jpg,9
dataset/3113.jpg,2
dataset/3114.jpg,6
dataset/3115.jpg,9
dataset/3116.jpg,9
dataset/3117.jpg,2
dataset/3118.jpg,7
dataset/3119.jpg,7
dataset/3120.jpg,9
dataset/3121.jpg,2
dataset/3122.jpg,8
dataset/3123.jpg,9
dataset/3124.jpg,9
dataset/3125.jpg,2
dataset/3126.jpg,9
dataset/3127.jpg,5
dataset/3128.jpg,9
dataset/3129.jpg,3
dataset/3130.jpg,1
dataset/3131.jpg,4
dataset/3132.jpg,9
dataset/3133.jpg,3
dataset/3134.jpg,2
dataset/3135.jpg,6
dataset/3136.jpg,9
dataset/3137.jpg,3
dataset/3138.jpg,3
dataset/3139.jpg,1
dataset/3140.jpg,9
dataset/3141.jpg,3
dataset/3142.jpg,3
dataset/3143.jpg,5
dataset/3144.jpg,9
dataset/3145.jpg,3
dataset/3146.jpg,8
dataset/3147.jpg,5
dataset/3148.jpg,9
dataset/3149.jpg,4
dataset/3150.jpg,1
dataset/3151.jpg,8
dataset/3152.jpg,9
dataset/3153.jpg,4
dataset/3154.jpg,2
dataset/3155.jpg,6
dataset/3156.jpg,9
dataset/3157.jpg,4
dataset/3158.jpg,3
dataset/3159.jpg,3
dataset/3160.jpg,9
dataset/3161.jpg,4
dataset/3162.jpg,6
dataset/3163.jpg,6
dataset/3164.jpg,9
dataset/3165.jpg,4
dataset/3166.jpg,7
dataset/3167.jpg,9
dataset/3168.jpg,9
dataset/3169.jpg,4
dataset/3170.jpg,9
dataset/3171.jpg,5
dataset/3172.jpg,9
dataset/3173.jpg,5
dataset/3174.jpg,4
dataset/3175.jpg,1
dataset/3176.jpg,9
dataset/3177.jpg,5
dataset/3178.jpg,5
dataset/3179.jpg,1
dataset/3180.jpg,9
dataset/3181.jpg,5
dataset/3182.jpg,5
dataset/3183.jpg,9
dataset/3184.jpg,9
dataset/3185.jpg,5
dataset/3186.jpg,8
dataset/3187.jpg,8
dataset/3188.jpg,9
dataset/3189.jpg,5
dataset/3190.jpg,9
dataset/3191.jpg,6
dataset/3192.jpg,9
dataset/3193.jpg,6
dataset/3194.jpg,4
dataset/3195.jpg,2
dataset/3196.jpg,9
dataset/3197.jpg,6
dataset/3198.jpg,4
dataset/3199.jpg,3
dataset/3200.jpg,9
dataset/3201.jpg,6
dataset/3202.jpg,4
dataset/3203.jpg,7
dataset/3204.jpg,9
dataset/3205.jpg,6
dataset/3206.jpg,5
dataset/3207.jpg,7
dataset/3208.jpg,9
dataset/3209.jpg,6
dataset/3210.jpg,6
dataset/3211.jpg,1
dataset/3212.jpg,9
dataset/3213.jpg,6
dataset/3214.jpg,6
dataset/3215.jpg,3
dataset/3216.jpg,9
dataset/3217.jpg,6
dataset/3218.jpg,8
dataset/3219.jpg,1
dataset/3220.jpg,9
dataset/3221.jpg,6
dataset/3222.jpg,8
dataset/3223.jpg,5
dataset/3224.jpg,9
dataset/3225.jpg,7
dataset/3226.jpg,3
dataset/3227.jpg,5
dataset/3228.jpg,9
dataset/3229.jpg,7
dataset/3230.jpg,4
dataset/3231.jpg,8
dataset/3232.jpg,9
dataset/3233.jpg,7
dataset/3234.jpg,5
dataset/3235.jpg,2
dataset/3236.jpg,9
dataset/3237.jpg,7
dataset/3238.jpg,6
dataset/3239.jpg,5
dataset/3240.jpg,9
dataset/3241.jpg,7
dataset/3242.jpg,7
dataset/3243.jpg,4
dataset/3244.jpg,9
dataset/3245.jpg,7
dataset/3246.jpg,8
dataset/3247.jpg,2
dataset/3248.jpg,9
dataset/3249.jpg,8
dataset/3250.jpg,3
dataset/3251.jpg,8
dataset/3252.jpg,9
dataset/3253.jpg,8
dataset/3254.jpg,4
dataset/3255.jpg,4
dataset/3256.jpg,9
dataset/3257.jpg,9
dataset/3258.jpg,3
dataset/3259.jpg,1
dataset/3260.jpg,9
dataset/3261.jpg,9
dataset/3262.jpg,5
dataset/3263.jpg,4
dataset/3264.jpg,9
dataset/3265.jpg,9
dataset/3266.jpg,6
dataset/3267.jpg,7
